,Training Set 1,Training Set 2,Training Set 3
0,0.7654238821580672,0.025832674957858612,0.1729712057734541
1,0.7603226380149889,0.0064806169651672445,0.24923033740574393
