,Training Set 1,Training Set 2,Training Set 3
0,0.7654238821580672,0.7525151399523956,0.7210883635988325
1,0.7603226380149889,0.5682535852165865,0.6291645388999593
