,Training Set 1,Training Set 2,Training Set 3
0,0.7654238821580672,0.6575405969340384,0.6340001840430316
1,0.7603226380149889,0.8746937300577325,0.813099281434485
